datetime,frequency11,humidity1,state1,temperature1,timestamp
2022-06-24 16:22:00.830000,12917.23,0,1,0,1656067920830
2022-06-24 16:22:01.832000,12891.25,0,1,0,1656067921832
2022-06-24 16:22:02.834000,12768.78,0,1,0,1656067922834
2022-06-24 16:22:03.866000,12917.23,0,1,0,1656067923866
2022-06-24 16:22:04.867000,12806.06,0,1,0,1656067924867
2022-06-24 16:22:05.869000,12917.23,0,1,0,1656067925869
2022-06-24 16:22:06.871000,12917.23,0,1,0,1656067926871
2022-06-24 16:22:07.873000,12957.4,0,1,0,1656067927873
2022-06-24 16:22:08.875000,12768.78,0,1,0,1656067928875
2022-06-24 16:22:09.877000,12806.06,0,1,0,1656067929877
2022-06-24 16:22:10.880000,12957.4,0,1,0,1656067930880
2022-06-24 16:22:11.881000,12891.25,0,1,0,1656067931881
2022-06-24 16:22:12.883000,12917.23,0,1,0,1656067932883
2022-06-24 16:22:13.916000,12806.06,0,1,0,1656067933916
2022-06-24 16:22:14.918000,12957.4,0,1,0,1656067934918
2022-06-24 16:22:15.920000,12917.23,0,1,0,1656067935920
2022-06-24 16:22:16.921000,12957.4,0,1,0,1656067936921
2022-06-24 16:22:17.923000,12919.23,0,1,0,1656067937923
2022-06-24 16:22:18.925000,12768.78,0,1,0,1656067938925
2022-06-24 16:22:19.927000,12806.06,0,1,0,1656067939927
2022-06-24 16:22:20.929000,12768.78,0,1,0,1656067940929
2022-06-24 16:22:21.929000,12743.4,0,1,0,1656067941929
2022-06-24 16:22:22.932000,12806.06,0,1,0,1656067942932
2022-06-24 16:22:23.964000,12919.23,0,1,0,1656067943964
2022-06-24 16:22:24.966000,12957.4,0,1,0,1656067944966
2022-06-24 16:22:25.966000,12957.4,0,1,0,1656067945966
2022-06-24 16:22:26.968000,12917.23,0,1,0,1656067946968
2022-06-24 16:22:27.970000,12917.23,0,1,0,1656067947970
2022-06-24 16:22:28.971000,12808.03,0,1,0,1656067948971
2022-06-24 16:22:29.973000,12957.4,0,1,0,1656067949973
2022-06-24 16:22:30.975000,12917.23,0,1,0,1656067950975
2022-06-24 16:22:31.978000,12891.25,0,1,0,1656067951978
2022-06-24 16:22:32.980000,12917.23,0,1,0,1656067952980
2022-06-24 16:22:34.012000,12917.23,0,1,0,1656067954012
2022-06-24 16:22:35.014000,12808.03,0,1,0,1656067955014
2022-06-24 16:22:36.016000,12768.78,0,1,0,1656067956016
2022-06-24 16:22:37.018000,12917.23,0,1,0,1656067957018
2022-06-24 16:22:38.019000,12806.06,0,1,0,1656067958019
2022-06-24 16:22:39.021000,12957.4,0,1,0,1656067959021
2022-06-24 16:22:40.023000,12917.23,0,1,0,1656067960023
2022-06-24 16:22:41.026000,12808.03,0,1,0,1656067961026
2022-06-24 16:22:42.029000,12891.25,0,1,0,1656067962029
2022-06-24 16:22:43.031000,12917.23,0,1,0,1656067963031
2022-06-24 16:22:44.062000,12806.06,0,1,0,1656067964062
2022-06-24 16:22:45.064000,12768.78,0,1,0,1656067965064
2022-06-24 16:22:46.066000,12919.23,0,1,0,1656067966066
2022-06-24 16:22:47.067000,12957.4,0,1,0,1656067967067
2022-06-24 16:22:48.069000,12768.78,0,1,0,1656067968069
2022-06-24 16:22:49.071000,12957.4,0,1,0,1656067969071
2022-06-24 16:22:50.073000,12806.06,0,1,0,1656067970073
2022-06-24 16:22:51.075000,12919.23,0,1,0,1656067971075
2022-06-24 16:22:52.078000,12891.25,0,1,0,1656067972078
2022-06-24 16:22:53.081000,12957.4,0,1,0,1656067973081
2022-06-24 16:22:54.110000,12957.4,0,1,0,1656067974110
2022-06-24 16:22:55.112000,12917.23,0,1,0,1656067975112
2022-06-24 16:22:56.113000,12806.06,0,1,0,1656067976113
2022-06-24 16:22:57.115000,12917.23,0,1,0,1656067977115
2022-06-24 16:22:58.117000,12917.23,0,1,0,1656067978117
2022-06-24 16:22:59.119000,12806.06,0,1,0,1656067979119
2022-06-24 16:23:00.121000,12917.23,0,1,0,1656067980121
2022-06-24 16:23:01.123000,12917.23,0,1,0,1656067981123
2022-06-24 16:23:02.123000,12891.25,0,1,0,1656067982123
2022-06-24 16:23:03.125000,12768.78,0,1,0,1656067983125
2022-06-24 16:23:04.160000,12957.4,0,1,0,1656067984160
2022-06-24 16:23:05.161000,12957.4,0,1,0,1656067985161
2022-06-24 16:23:06.163000,12768.78,0,1,0,1656067986163
2022-06-24 16:23:07.165000,12917.23,0,1,0,1656067987165
2022-06-24 16:23:08.167000,12806.06,0,1,0,1656067988167
2022-06-24 16:23:09.169000,12806.06,0,1,0,1656067989169
2022-06-24 16:23:10.171000,12917.23,0,1,0,1656067990171
2022-06-24 16:23:11.174000,12957.4,0,1,0,1656067991174
2022-06-24 16:23:12.177000,12891.25,0,1,0,1656067992177
2022-06-24 16:23:13.179000,12963.44,0,1,0,1656067993179
2022-06-24 16:23:14.208000,12806.06,0,1,0,1656067994208
2022-06-24 16:23:15.210000,12917.23,0,1,0,1656067995210
2022-06-24 16:23:16.212000,12768.78,0,1,0,1656067996212
2022-06-24 16:23:17.214000,12806.06,0,1,0,1656067997214
2022-06-24 16:23:18.216000,12917.23,0,1,0,1656067998216
2022-06-24 16:23:19.218000,12957.4,0,1,0,1656067999218
2022-06-24 16:23:20.219000,12806.06,0,1,0,1656068000219
2022-06-24 16:23:21.221000,12917.23,0,1,0,1656068001221
2022-06-24 16:23:22.223000,12891.25,0,1,0,1656068002223
2022-06-24 16:23:23.226000,12951.35,0,1,0,1656068003226
2022-06-24 16:23:24.258000,12806.06,0,1,0,1656068004258
2022-06-24 16:23:25.260000,12768.78,0,1,0,1656068005260
2022-06-24 16:23:26.263000,12806.06,0,1,0,1656068006263
2022-06-24 16:23:27.265000,12917.23,0,1,0,1656068007265
2022-06-24 16:23:28.267000,12917.23,0,1,0,1656068008267
2022-06-24 16:23:29.270000,12808.03,0,1,0,1656068009270
2022-06-24 16:23:30.272000,12917.23,0,1,0,1656068010272
2022-06-24 16:23:31.274000,12917.23,0,1,0,1656068011274
2022-06-24 16:23:32.275000,12891.25,0,1,0,1656068012275
2022-06-24 16:23:33.277000,12768.78,0,1,0,1656068013277
2022-06-24 16:23:34.306000,12957.4,0,1,0,1656068014306
2022-06-24 16:23:35.308000,12806.06,0,1,0,1656068015308
2022-06-24 16:23:36.310000,12919.23,0,1,0,1656068016310
2022-06-24 16:23:37.312000,12917.23,0,1,0,1656068017312
2022-06-24 16:23:38.315000,12808.03,0,1,0,1656068018315
2022-06-24 16:23:39.317000,12806.06,0,1,0,1656068019317
2022-06-24 16:23:40.319000,12917.23,0,1,0,1656068020319
2022-06-24 16:23:41.321000,12957.4,0,1,0,1656068021321
2022-06-24 16:23:42.324000,12891.25,0,1,0,1656068022324
2022-06-24 16:23:43.326000,12768.78,0,1,0,1656068023326
2022-06-24 16:23:44.354000,12808.03,0,1,0,1656068024354
2022-06-24 16:23:45.356000,12917.23,0,1,0,1656068025356
2022-06-24 16:23:46.358000,12917.23,0,1,0,1656068026358
2022-06-24 16:23:47.361000,12957.4,0,1,0,1656068027361
2022-06-24 16:23:48.363000,12917.23,0,1,0,1656068028363
2022-06-24 16:23:49.365000,12957.4,0,1,0,1656068029365
2022-06-24 16:23:50.367000,12806.06,0,1,0,1656068030367
2022-06-24 16:23:51.369000,12917.23,0,1,0,1656068031369
2022-06-24 16:23:52.371000,12891.25,0,1,0,1656068032371
2022-06-24 16:23:53.372000,12957.4,0,1,0,1656068033372
2022-06-24 16:23:54.404000,12806.06,0,1,0,1656068034404
2022-06-24 16:23:55.406000,12917.23,0,1,0,1656068035406
2022-06-24 16:23:56.407000,12957.4,0,1,0,1656068036407
2022-06-24 16:23:57.409000,12768.78,0,1,0,1656068037409
2022-06-24 16:23:58.411000,12917.23,0,1,0,1656068038411
2022-06-24 16:23:59.411000,12806.06,0,1,0,1656068039411
2022-06-24 16:24:00.413000,12917.23,0,1,0,1656068040413
2022-06-24 16:24:01.415000,12768.78,0,1,0,1656068041415
2022-06-24 16:24:02.418000,12891.25,0,1,0,1656068042418
2022-06-24 16:24:03.420000,12817.88,0,1,0,1656068043420
2022-06-24 16:24:04.452000,12957.4,0,1,0,1656068044452
2022-06-24 16:24:05.453000,12955.38,0,1,0,1656068045453
2022-06-24 16:24:06.455000,12768.78,0,1,0,1656068046455
2022-06-24 16:24:07.457000,12917.23,0,1,0,1656068047457
2022-06-24 16:24:08.458000,12806.06,0,1,0,1656068048458
2022-06-24 16:24:09.460000,12806.06,0,1,0,1656068049460
2022-06-24 16:24:10.462000,12917.23,0,1,0,1656068050462
2022-06-24 16:24:11.463000,12957.4,0,1,0,1656068051463
2022-06-24 16:24:12.466000,12891.25,0,1,0,1656068052466
2022-06-24 16:24:13.468000,12768.78,0,1,0,1656068053468
2022-06-24 16:24:14.500000,12806.06,0,1,0,1656068054500
2022-06-24 16:24:15.502000,12917.23,0,1,0,1656068055502
2022-06-24 16:24:16.504000,12768.78,0,1,0,1656068056504
2022-06-24 16:24:17.504000,12806.06,0,1,0,1656068057504
2022-06-24 16:24:18.506000,12917.23,0,1,0,1656068058506
2022-06-24 16:24:19.508000,12806.06,0,1,0,1656068059508
2022-06-24 16:24:20.509000,12957.4,0,1,0,1656068060509
2022-06-24 16:24:21.511000,12917.23,0,1,0,1656068061511
2022-06-24 16:24:22.512000,12891.25,0,1,0,1656068062512
2022-06-24 16:24:23.515000,12806.06,0,1,0,1656068063515
2022-06-24 16:24:24.550000,12806.06,0,1,0,1656068064550
2022-06-24 16:24:25.552000,12917.23,0,1,0,1656068065552
2022-06-24 16:24:26.554000,12957.4,0,1,0,1656068066554
2022-06-24 16:24:27.556000,12768.78,0,1,0,1656068067556
2022-06-24 16:24:28.558000,12768.78,0,1,0,1656068068558
2022-06-24 16:24:29.558000,12806.06,0,1,0,1656068069558
2022-06-24 16:24:30.560000,12919.23,0,1,0,1656068070560
2022-06-24 16:24:31.562000,12917.23,0,1,0,1656068071562
2022-06-24 16:24:32.562000,13356.13,0,1,0,1656068072562
2022-06-24 16:24:33.564000,12768.78,0,1,0,1656068073564
2022-06-24 16:24:34.599000,12957.4,0,1,0,1656068074599
2022-06-24 16:24:35.601000,12806.06,0,1,0,1656068075601
2022-06-24 16:24:36.603000,12917.23,0,1,0,1656068076603
2022-06-24 16:24:37.605000,12917.23,0,1,0,1656068077605
2022-06-24 16:24:38.607000,12957.4,0,1,0,1656068078607
2022-06-24 16:24:39.609000,12806.06,0,1,0,1656068079609
2022-06-24 16:24:40.611000,12768.78,0,1,0,1656068080611
2022-06-24 16:24:41.612000,12957.4,0,1,0,1656068081612
2022-06-24 16:24:42.613000,12741.45,0,1,0,1656068082613
2022-06-24 16:24:43.615000,12917.23,0,1,0,1656068083615
2022-06-24 16:24:44.649000,12957.4,0,1,0,1656068084649
2022-06-24 16:24:45.651000,12917.23,0,1,0,1656068085651
2022-06-24 16:24:46.653000,12796.23,0,1,0,1656068086653
2022-06-24 16:24:47.654000,12957.4,0,1,0,1656068087654
2022-06-24 16:24:48.656000,12919.23,0,1,0,1656068088656
2022-06-24 16:24:49.658000,12806.06,0,1,0,1656068089658
2022-06-24 16:24:50.658000,12808.03,0,1,0,1656068090658
2022-06-24 16:24:51.660000,12917.23,0,1,0,1656068091660
2022-06-24 16:24:52.663000,12891.25,0,1,0,1656068092663
2022-06-24 16:24:53.666000,12957.4,0,1,0,1656068093666
2022-06-24 16:24:54.698000,12957.4,0,1,0,1656068094698
2022-06-24 16:24:55.700000,12917.23,0,1,0,1656068095700
2022-06-24 16:24:56.702000,12957.4,0,1,0,1656068096702
2022-06-24 16:24:57.704000,12917.23,0,1,0,1656068097704
2022-06-24 16:24:58.706000,12768.78,0,1,0,1656068098706
2022-06-24 16:24:59.707000,12957.4,0,1,0,1656068099707
2022-06-24 16:25:00.709000,12917.23,0,1,0,1656068100709
2022-06-24 16:25:01.709000,12891.25,0,1,0,1656068101709
2022-06-24 16:25:02.711000,12806.06,0,1,0,1656068102711
2022-06-24 16:25:03.713000,12768.78,0,1,0,1656068103713
2022-06-24 16:25:04.748000,12806.06,0,1,0,1656068104748
2022-06-24 16:25:05.750000,12806.06,0,1,0,1656068105750
2022-06-24 16:25:06.752000,12919.23,0,1,0,1656068106752
2022-06-24 16:25:07.754000,12917.23,0,1,0,1656068107754
2022-06-24 16:25:08.756000,12955.38,0,1,0,1656068108756
2022-06-24 16:25:09.758000,12806.06,0,1,0,1656068109758
2022-06-24 16:25:10.760000,12917.23,0,1,0,1656068110760
2022-06-24 16:25:11.760000,12891.25,0,1,0,1656068111760
2022-06-24 16:25:12.762000,12917.23,0,1,0,1656068112762
2022-06-24 16:25:13.764000,12768.78,0,1,0,1656068113764
2022-06-24 16:25:14.798000,12806.06,0,1,0,1656068114798
2022-06-24 16:25:15.800000,12917.23,0,1,0,1656068115800
2022-06-24 16:25:16.802000,12768.78,0,1,0,1656068116802
2022-06-24 16:25:17.802000,12806.06,0,1,0,1656068117802
2022-06-24 16:25:18.804000,12768.78,0,1,0,1656068118804
2022-06-24 16:25:19.806000,12957.4,0,1,0,1656068119806
2022-06-24 16:25:20.807000,12806.06,0,1,0,1656068120807
2022-06-24 16:25:21.810000,12891.25,0,1,0,1656068121810
2022-06-24 16:25:22.812000,12917.23,0,1,0,1656068122812
2022-06-24 16:25:23.814000,12806.06,0,1,0,1656068123814
2022-06-24 16:25:24.846000,12806.06,0,1,0,1656068124846
2022-06-24 16:25:25.848000,12768.78,0,1,0,1656068125848
2022-06-24 16:25:26.851000,12957.4,0,1,0,1656068126851
2022-06-24 16:25:27.853000,12917.23,0,1,0,1656068127853
2022-06-24 16:25:28.855000,12917.23,0,1,0,1656068128855
2022-06-24 16:25:29.857000,12806.06,0,1,0,1656068129857
2022-06-24 16:25:30.859000,12917.23,0,1,0,1656068130859
2022-06-24 16:25:31.862000,12891.25,0,1,0,1656068131862
2022-06-24 16:25:32.865000,12806.06,0,1,0,1656068132865
2022-06-24 16:25:33.867000,12917.23,0,1,0,1656068133867
2022-06-24 16:25:34.896000,12806.06,0,1,0,1656068134896
2022-06-24 16:25:35.897000,12957.4,0,1,0,1656068135897
2022-06-24 16:25:36.899000,12917.23,0,1,0,1656068136899
2022-06-24 16:25:37.901000,12917.23,0,1,0,1656068137901
2022-06-24 16:25:38.903000,12957.4,0,1,0,1656068138903
2022-06-24 16:25:39.905000,12806.06,0,1,0,1656068139905
2022-06-24 16:25:40.907000,12917.23,0,1,0,1656068140907
2022-06-24 16:25:41.910000,12891.25,0,1,0,1656068141910
2022-06-24 16:25:42.912000,12768.78,0,1,0,1656068142912
2022-06-24 16:25:43.914000,12917.23,0,1,0,1656068143914
2022-06-24 16:25:44.945000,12806.06,0,1,0,1656068144945
2022-06-24 16:25:45.947000,12768.78,0,1,0,1656068145947
2022-06-24 16:25:46.949000,12917.23,0,1,0,1656068146949
2022-06-24 16:25:47.951000,12806.06,0,1,0,1656068147951
2022-06-24 16:25:48.953000,12917.23,0,1,0,1656068148953
2022-06-24 16:25:49.955000,12806.06,0,1,0,1656068149955
2022-06-24 16:25:50.957000,12957.4,0,1,0,1656068150957
2022-06-24 16:25:51.960000,12891.25,0,1,0,1656068151960
2022-06-24 16:25:52.962000,12768.78,0,1,0,1656068152962
2022-06-24 16:25:53.964000,12806.06,0,1,0,1656068153964
2022-06-24 16:25:54.993000,12806.06,0,1,0,1656068154993
2022-06-24 16:25:55.995000,12917.23,0,1,0,1656068155995
2022-06-24 16:25:56.997000,12806.06,0,1,0,1656068156997
2022-06-24 16:25:57.998000,12957.4,0,2,0,1656068157998
2022-06-24 16:25:59.000000,12806.06,0,2,0,1656068159000
2022-06-24 16:26:00.000000,12740.8,0,2,0,1656068160000
2022-06-24 16:26:01.002000,12621.8,0,2,0,1656068161002
2022-06-24 16:26:02.005000,12597,0,2,0,1656068162005
2022-06-24 16:26:03.006000,12660.15,0,2,0,1656068163006
2022-06-24 16:26:04.008000,12806.06,0,2,0,1656068164008
2022-06-24 16:26:05.041000,12660.15,0,3,0,1656068165041
2022-06-24 16:26:06.042000,12740.8,0,3,0,1656068166042
2022-06-24 16:26:07.044000,12768.78,0,3,0,1656068167044
2022-06-24 16:26:08.046000,12917.23,0,3,0,1656068168046
2022-06-24 16:26:09.048000,12806.06,0,3,0,1656068169048
2022-06-24 16:26:10.050000,12766.83,0,3,0,1656068170050
2022-06-24 16:26:11.052000,12768.78,0,3,0,1656068171052
2022-06-24 16:26:12.054000,12891.25,0,3,0,1656068172054
2022-06-24 16:26:13.056000,12917.23,0,3,0,1656068173056
2022-06-24 16:26:14.058000,12808.03,0,3,0,1656068174058
2022-06-24 16:26:15.091000,12957.4,0,3,0,1656068175091
2022-06-24 16:26:16.093000,12917.23,0,3,0,1656068176093
2022-06-24 16:26:17.095000,12917.23,0,3,0,1656068177095
2022-06-24 16:26:18.097000,12881.29,0,3,0,1656068178097
2022-06-24 16:26:19.099000,12957.4,0,3,0,1656068179099
2022-06-24 16:26:20.101000,12917.23,0,3,0,1656068180101
2022-06-24 16:26:21.102000,12957.4,0,3,0,1656068181102
2022-06-24 16:26:22.103000,12891.25,0,3,0,1656068182103
2022-06-24 16:26:23.105000,12917.23,0,3,0,1656068183105
2022-06-24 16:26:24.107000,12957.4,0,3,0,1656068184107
2022-06-24 16:26:25.139000,12919.23,0,3,0,1656068185139
2022-06-24 16:26:26.141000,13071.21,0,3,0,1656068186141
2022-06-24 16:26:27.142000,13110.28,0,3,0,1656068187142
2022-06-24 16:26:28.144000,13071.21,0,3,0,1656068188144
2022-06-24 16:26:29.146000,13110.28,0,3,0,1656068189146
2022-06-24 16:26:30.149000,12957.4,0,3,0,1656068190149
2022-06-24 16:26:31.151000,13071.21,0,3,0,1656068191151
2022-06-24 16:26:32.153000,13197.49,0,3,0,1656068192153
2022-06-24 16:26:33.153000,13110.28,0,3,0,1656068193153
2022-06-24 16:26:34.155000,13110.28,0,3,0,1656068194155
2022-06-24 16:26:35.187000,13071.21,0,3,0,1656068195187
2022-06-24 16:26:36.189000,13110.28,0,3,0,1656068196189
2022-06-24 16:26:37.191000,13071.21,0,3,0,1656068197191
2022-06-24 16:26:38.193000,13071.21,0,3,0,1656068198193
2022-06-24 16:26:39.194000,12957.4,0,3,0,1656068199194
2022-06-24 16:26:40.196000,13071.21,0,3,0,1656068200196
2022-06-24 16:26:41.198000,13071.21,0,3,0,1656068201198
2022-06-24 16:26:42.199000,13042.57,0,3,0,1656068202199
2022-06-24 16:26:43.201000,13071.21,0,3,0,1656068203201
2022-06-24 16:26:44.203000,13110.28,0,3,0,1656068204203
2022-06-24 16:26:46.057000,13041.89,0,3,0,1656068206057
2022-06-24 16:26:47.059000,13069.16,0,3,0,1656068207059
2022-06-24 16:26:48.061000,13226.81,0,3,0,1656068208061
2022-06-24 16:26:49.064000,13110.28,0,3,0,1656068209064
2022-06-24 16:26:50.066000,13069.16,0,3,0,1656068210066
2022-06-24 16:26:51.068000,13071.21,0,3,0,1656068211068
2022-06-24 16:26:52.070000,13199.58,0,3,0,1656068212070
2022-06-24 16:26:53.072000,13071.21,0,3,0,1656068213072
2022-06-24 16:26:54.074000,13110.28,0,3,0,1656068214074
2022-06-24 16:26:55.076000,13112.35,0,3,0,1656068215076
2022-06-24 16:26:56.105000,13071.21,0,3,0,1656068216105
2022-06-24 16:26:57.107000,13071.21,0,3,0,1656068217107
2022-06-24 16:26:58.109000,13268.93,0,3,0,1656068218109
2022-06-24 16:26:59.111000,13268.93,0,3,0,1656068219111
2022-06-24 16:27:00.113000,13264.71,0,3,0,1656068220113
2022-06-24 16:27:01.115000,13268.93,0,3,0,1656068221115
2022-06-24 16:27:02.118000,13199.58,0,3,0,1656068222118
2022-06-24 16:27:03.120000,13226.81,0,3,0,1656068223120
2022-06-24 16:27:04.123000,13110.28,0,3,0,1656068224123
2022-06-24 16:27:05.125000,13226.81,0,3,0,1656068225125
2022-06-24 16:27:06.154000,13226.81,0,3,0,1656068226154
2022-06-24 16:27:07.156000,13110.28,0,3,0,1656068227156
2022-06-24 16:27:08.158000,13226.81,0,3,0,1656068228158
2022-06-24 16:27:09.160000,13110.28,0,3,0,1656068229160
2022-06-24 16:27:10.160000,13110.28,0,3,0,1656068230160
2022-06-24 16:27:11.162000,13226.81,0,3,0,1656068231162
2022-06-24 16:27:12.163000,13199.58,0,3,0,1656068232163
2022-06-24 16:27:13.164000,13268.93,0,3,0,1656068233164
2022-06-24 16:27:14.166000,13268.93,0,3,0,1656068234166
2022-06-24 16:27:15.168000,13228.91,0,3,0,1656068235168
2022-06-24 16:27:16.204000,13266.82,0,3,0,1656068236204
2022-06-24 16:27:17.206000,13226.81,0,3,0,1656068237206
2022-06-24 16:27:18.208000,13228.91,0,3,0,1656068238208
2022-06-24 16:27:19.209000,13266.82,0,3,0,1656068239209
2022-06-24 16:27:20.211000,13226.81,0,3,0,1656068240211
2022-06-24 16:27:21.213000,13226.81,0,3,0,1656068241213
2022-06-24 16:27:22.213000,13358.27,0,3,0,1656068242213
2022-06-24 16:27:23.215000,13226.81,0,3,0,1656068243215
2022-06-24 16:27:24.217000,13268.93,0,3,0,1656068244217
2022-06-24 16:27:25.218000,13429.31,0,3,0,1656068245218
2022-06-24 16:27:26.253000,13226.81,0,3,0,1656068246253
2022-06-24 16:27:27.255000,13388.31,0,3,0,1656068247255
2022-06-24 16:27:28.256000,13268.93,0,3,0,1656068248256
2022-06-24 16:27:29.258000,13429.31,0,3,0,1656068249258
2022-06-24 16:27:30.260000,13226.81,0,3,0,1656068250260
2022-06-24 16:27:31.260000,13268.93,0,3,0,1656068251260
2022-06-24 16:27:32.263000,13358.27,0,3,0,1656068252263
2022-06-24 16:27:33.265000,13388.31,0,3,0,1656068253265
2022-06-24 16:27:34.268000,13268.93,0,3,0,1656068254268
2022-06-24 16:27:35.270000,13226.81,0,3,0,1656068255270
2022-06-24 16:27:36.302000,13388.31,0,3,0,1656068256302
2022-06-24 16:27:37.302000,13268.93,0,3,0,1656068257302
2022-06-24 16:27:38.304000,13388.31,0,3,0,1656068258304
2022-06-24 16:27:39.306000,13268.93,0,3,0,1656068259306
2022-06-24 16:27:40.306000,13268.93,0,3,0,1656068260306
2022-06-24 16:27:41.308000,13386.16,0,3,0,1656068261308
2022-06-24 16:27:42.308000,13358.27,0,3,0,1656068262308
2022-06-24 16:27:43.311000,13268.93,0,3,0,1656068263311
2022-06-24 16:27:44.313000,13429.31,0,3,0,1656068264313
2022-06-24 16:27:45.315000,13388.31,0,3,0,1656068265315
2022-06-24 16:27:46.352000,13268.93,0,3,0,1656068266352
2022-06-24 16:27:47.354000,13388.31,0,3,0,1656068267354
2022-06-24 16:27:48.356000,13388.31,0,3,0,1656068268356
2022-06-24 16:27:49.356000,13429.31,0,3,0,1656068269356
2022-06-24 16:27:50.358000,13551.6,0,3,0,1656068270358
2022-06-24 16:27:51.360000,13388.31,0,3,0,1656068271360
2022-06-24 16:27:52.361000,13358.27,0,3,0,1656068272361
2022-06-24 16:27:53.363000,13388.31,0,3,0,1656068273363
2022-06-24 16:27:54.365000,13429.31,0,3,0,1656068274365
2022-06-24 16:27:55.365000,13431.47,0,3,0,1656068275365
2022-06-24 16:27:56.400000,13551.6,0,3,0,1656068276400
2022-06-24 16:27:57.402000,13388.31,0,3,0,1656068277402
2022-06-24 16:27:58.405000,13429.31,0,3,0,1656068278405
2022-06-24 16:27:59.407000,13429.31,0,3,0,1656068279407
2022-06-24 16:28:00.409000,13388.31,0,3,0,1656068280409
2022-06-24 16:28:01.409000,13431.47,0,3,0,1656068281409
2022-06-24 16:28:02.410000,13360.41,0,3,0,1656068282410
2022-06-24 16:28:03.412000,13551.6,0,3,0,1656068283412
2022-06-24 16:28:04.413000,13429.31,0,3,0,1656068284413
2022-06-24 16:28:05.415000,13388.31,0,3,0,1656068285415
2022-06-24 16:28:06.450000,13388.31,0,3,0,1656068286450
2022-06-24 16:28:07.451000,13431.47,0,3,0,1656068287451
2022-06-24 16:28:08.453000,13551.6,0,3,0,1656068288453
2022-06-24 16:28:09.455000,13429.31,0,3,0,1656068289455
2022-06-24 16:28:10.457000,13429.31,0,3,0,1656068290457
2022-06-24 16:28:11.459000,13388.31,0,3,0,1656068291459
2022-06-24 16:28:12.462000,13360.41,0,3,0,1656068292462
2022-06-24 16:28:13.465000,13431.47,0,3,0,1656068293465
2022-06-24 16:28:14.467000,13431.47,0,3,0,1656068294467
2022-06-24 16:28:15.469000,13388.31,0,3,0,1656068295469
2022-06-24 16:28:16.498000,13429.31,0,3,0,1656068296498
2022-06-24 16:28:17.500000,13388.31,0,3,0,1656068297500
2022-06-24 16:28:18.502000,13551.6,0,3,0,1656068298502
2022-06-24 16:28:19.502000,13429.31,0,3,0,1656068299502
2022-06-24 16:28:20.504000,13551.6,0,3,0,1656068300504
2022-06-24 16:28:21.506000,13551.6,0,3,0,1656068301506
2022-06-24 16:28:22.508000,13858.09,0,3,0,1656068302508
2022-06-24 16:28:23.510000,13551.6,0,3,0,1656068303510
2022-06-24 16:28:24.512000,13429.31,0,3,0,1656068304512
2022-06-24 16:28:25.513000,13431.47,0,3,0,1656068305513
2022-06-24 16:28:26.548000,13388.31,0,3,0,1656068306548
2022-06-24 16:28:27.550000,13551.6,0,3,0,1656068307550
2022-06-24 16:28:28.553000,13595.82,0,3,0,1656068308553
2022-06-24 16:28:29.555000,13429.31,0,3,0,1656068309555
2022-06-24 16:28:30.557000,13551.6,0,3,0,1656068310557
2022-06-24 16:28:31.559000,13595.82,0,3,0,1656068311559
2022-06-24 16:28:33.230000,13448.09,0,3,0,1656068313230
2022-06-24 16:28:34.232000,13429.31,0,3,0,1656068314232
2022-06-24 16:28:35.233000,13429.31,0,3,0,1656068315233
2022-06-24 16:28:36.235000,13388.31,0,3,0,1656068316235
2022-06-24 16:28:37.237000,13551.6,0,3,0,1656068317237
2022-06-24 16:28:38.239000,13431.47,0,3,0,1656068318239
2022-06-24 16:28:39.241000,13431.47,0,3,0,1656068319241
2022-06-24 16:28:40.243000,13388.31,0,3,0,1656068320243
2022-06-24 16:28:41.246000,13429.31,0,3,0,1656068321246
2022-06-24 16:28:42.247000,13523.02,0,3,0,1656068322247
2022-06-24 16:28:43.249000,13388.31,0,3,0,1656068323249
2022-06-24 16:28:44.250000,13429.31,0,3,0,1656068324250
2022-06-24 16:28:45.252000,13551.6,0,3,0,1656068325252
2022-06-24 16:28:46.254000,13388.31,0,3,0,1656068326254
2022-06-24 16:28:47.255000,13431.47,0,3,0,1656068327255
2022-06-24 16:28:48.257000,13388.31,0,3,0,1656068328257
2022-06-24 16:28:49.259000,13429.31,0,3,0,1656068329259
2022-06-24 16:28:50.262000,13429.31,0,3,0,1656068330262
2022-06-24 16:28:51.264000,13388.31,0,3,0,1656068331264
2022-06-24 16:28:52.266000,13523.02,0,3,0,1656068332266
2022-06-24 16:28:53.269000,13429.31,0,3,0,1656068333269
2022-06-24 16:28:54.271000,13429.31,0,3,0,1656068334271
2022-06-24 16:28:55.273000,13551.6,0,3,0,1656068335273
2022-06-24 16:28:56.273000,13429.31,0,3,0,1656068336273
2022-06-24 16:28:57.275000,13388.31,0,3,0,1656068337275
2022-06-24 16:28:58.277000,13551.6,0,3,0,1656068338277
2022-06-24 16:28:59.278000,13429.31,0,3,0,1656068339278
2022-06-24 16:29:00.280000,13388.31,0,3,0,1656068340280
2022-06-24 16:29:01.282000,13551.6,0,3,0,1656068341282
2022-06-24 16:29:02.284000,13358.27,0,3,0,1656068342284
2022-06-24 16:29:03.286000,13551.6,0,3,0,1656068343286
2022-06-24 16:29:04.288000,13429.31,0,3,0,1656068344288
2022-06-24 16:29:05.289000,13429.31,0,3,0,1656068345289
2022-06-24 16:29:06.291000,13551.6,0,3,0,1656068346291
2022-06-24 16:29:07.293000,13388.31,0,3,0,1656068347293
2022-06-24 16:29:08.295000,13429.31,0,3,0,1656068348295
2022-06-24 16:29:09.297000,13431.47,0,3,0,1656068349297
2022-06-24 16:29:10.299000,13388.31,0,3,0,1656068350299
2022-06-24 16:29:11.300000,13595.82,0,3,0,1656068351300
2022-06-24 16:29:12.302000,13523.02,0,3,0,1656068352302
2022-06-24 16:29:13.304000,13553.81,0,3,0,1656068353304
2022-06-24 16:29:14.307000,13429.31,0,3,0,1656068354307
2022-06-24 16:29:15.309000,13551.6,0,3,0,1656068355309
2022-06-24 16:29:16.311000,13388.31,0,3,0,1656068356311
2022-06-24 16:29:17.313000,13429.31,0,3,0,1656068357313
2022-06-24 16:29:18.315000,13551.6,0,3,0,1656068358315
2022-06-24 16:29:19.317000,13429.31,0,3,0,1656068359317
2022-06-24 16:29:20.320000,13429.31,0,3,0,1656068360320
2022-06-24 16:29:21.322000,13551.6,0,3,0,1656068361322
2022-06-24 16:29:22.322000,13358.27,0,3,0,1656068362322
2022-06-24 16:29:23.324000,13595.82,0,3,0,1656068363324
2022-06-24 16:29:24.326000,13429.31,0,3,0,1656068364326
2022-06-24 16:29:25.328000,13551.6,0,3,0,1656068365328
2022-06-24 16:29:26.329000,13429.31,0,3,0,1656068366329
2022-06-24 16:29:27.331000,13551.6,0,3,0,1656068367331
2022-06-24 16:29:28.333000,13553.81,0,3,0,1656068368333
2022-06-24 16:29:29.334000,13595.82,0,3,0,1656068369334
2022-06-24 16:29:30.336000,13551.6,0,3,0,1656068370336
2022-06-24 16:29:31.338000,13388.31,0,3,0,1656068371338
2022-06-24 16:29:32.340000,13523.02,0,3,0,1656068372340
2022-06-24 16:29:33.342000,13388.31,0,3,0,1656068373342
2022-06-24 16:29:34.344000,13431.47,0,3,0,1656068374344
2022-06-24 16:29:35.344000,13429.31,0,3,0,1656068375344
2022-06-24 16:29:36.346000,13551.6,0,3,0,1656068376346
2022-06-24 16:29:37.348000,13553.81,0,3,0,1656068377348
2022-06-24 16:29:38.351000,13429.31,0,3,0,1656068378351
2022-06-24 16:29:39.353000,13429.31,0,3,0,1656068379353
2022-06-24 16:29:40.355000,13551.6,0,3,0,1656068380355
2022-06-24 16:29:41.356000,13595.82,0,3,0,1656068381356
2022-06-24 16:29:42.357000,13523.02,0,3,0,1656068382357
2022-06-24 16:29:43.359000,13551.6,0,3,0,1656068383359
2022-06-24 16:29:44.362000,13429.31,0,3,0,1656068384362
2022-06-24 16:29:45.364000,13551.6,0,3,0,1656068385364
2022-06-24 16:29:46.366000,13551.6,0,3,0,1656068386366
2022-06-24 16:29:47.367000,13595.82,0,3,0,1656068387367
2022-06-24 16:29:48.369000,13551.6,0,3,0,1656068388369
2022-06-24 16:29:49.371000,13595.82,0,3,0,1656068389371
2022-06-24 16:29:50.371000,13431.47,0,3,0,1656068390371
2022-06-24 16:29:51.373000,13388.31,0,3,0,1656068391373
2022-06-24 16:29:52.375000,13860.4,0,3,0,1656068392375
2022-06-24 16:29:53.378000,13429.31,0,3,0,1656068393378
2022-06-24 16:29:54.380000,13429.31,0,3,0,1656068394380
2022-06-24 16:29:55.382000,13551.6,0,3,0,1656068395382
2022-06-24 16:29:56.383000,13593.61,0,3,0,1656068396383
2022-06-24 16:29:57.385000,13551.6,0,3,0,1656068397385
2022-06-24 16:29:58.387000,13551.6,0,3,0,1656068398387
2022-06-24 16:29:59.388000,13429.31,0,3,0,1656068399388
2022-06-24 16:30:00.390000,13553.81,0,3,0,1656068400390
2022-06-24 16:30:01.392000,13551.6,0,3,0,1656068401392
2022-06-24 16:30:02.395000,13523.02,0,3,0,1656068402395
2022-06-24 16:30:03.397000,13551.6,0,3,0,1656068403397
2022-06-24 16:30:04.399000,13429.31,0,3,0,1656068404399
2022-06-24 16:30:05.402000,13429.31,0,3,0,1656068405402
2022-06-24 16:30:06.404000,13553.81,0,3,0,1656068406404
2022-06-24 16:30:07.406000,13551.6,0,3,0,1656068407406
2022-06-24 16:30:08.407000,13595.82,0,3,0,1656068408407
2022-06-24 16:30:09.409000,13595.82,0,3,0,1656068409409
2022-06-24 16:30:10.411000,13388.31,0,3,0,1656068410411
2022-06-24 16:30:11.413000,13595.82,0,3,0,1656068411413
2022-06-24 16:30:12.413000,13523.02,0,3,0,1656068412413
2022-06-24 16:30:13.415000,13551.6,0,3,0,1656068413415
2022-06-24 16:30:14.415000,13429.31,0,3,0,1656068414415
2022-06-24 16:30:15.417000,13388.31,0,3,0,1656068415417
2022-06-24 16:30:16.419000,13388.31,0,3,0,1656068416419
2022-06-24 16:30:17.420000,13429.31,0,3,0,1656068417420
2022-06-24 16:30:18.422000,13553.81,0,3,0,1656068418422
2022-06-24 16:30:19.424000,13595.82,0,3,0,1656068419424
2022-06-24 16:30:20.425000,13595.82,0,3,0,1656068420425
2022-06-24 16:30:21.427000,13388.31,0,3,0,1656068421427
2022-06-24 16:30:22.428000,13523.02,0,3,0,1656068422428
2022-06-24 16:30:23.429000,13595.82,0,3,0,1656068423429
2022-06-24 16:30:24.431000,13429.31,0,3,0,1656068424431
2022-06-24 16:30:25.433000,13551.6,0,3,0,1656068425433
2022-06-24 16:30:26.434000,13595.82,0,3,0,1656068426434
2022-06-24 16:30:27.436000,13551.6,0,3,0,1656068427436
2022-06-24 16:30:28.438000,13551.6,0,3,0,1656068428438
2022-06-24 16:30:29.441000,13429.31,0,3,0,1656068429441
2022-06-24 16:30:30.443000,13388.31,0,3,0,1656068430443
2022-06-24 16:30:31.445000,13551.6,0,3,0,1656068431445
2022-06-24 16:30:32.447000,13523.02,0,3,0,1656068432447
2022-06-24 16:30:33.449000,13388.31,0,3,0,1656068433449
2022-06-24 16:30:34.451000,13429.31,0,3,0,1656068434451
2022-06-24 16:30:35.453000,13429.31,0,3,0,1656068435453
2022-06-24 16:30:36.455000,13388.31,0,3,0,1656068436455
2022-06-24 16:30:37.457000,13388.31,0,3,0,1656068437457
2022-06-24 16:30:38.459000,13595.82,0,3,0,1656068438459
2022-06-24 16:30:39.461000,13595.82,0,3,0,1656068439461
2022-06-24 16:30:40.463000,13553.81,0,3,0,1656068440463
2022-06-24 16:30:41.466000,13595.82,0,3,0,1656068441466
2022-06-24 16:30:42.466000,13689.63,0,3,0,1656068442466
2022-06-24 16:30:43.468000,13551.6,0,3,0,1656068443468
2022-06-24 16:30:44.469000,13429.31,0,3,0,1656068444469
2022-06-24 16:30:45.471000,13551.6,0,3,0,1656068445471
2022-06-24 16:30:46.473000,13388.31,0,3,0,1656068446473
2022-06-24 16:30:47.474000,13593.61,0,3,0,1656068447474
2022-06-24 16:30:48.476000,13388.31,0,3,0,1656068448476
2022-06-24 16:30:49.478000,13429.31,0,3,0,1656068449478
2022-06-24 16:30:50.480000,13595.82,0,3,0,1656068450480
2022-06-24 16:30:51.482000,13388.31,0,3,0,1656068451482
2022-06-24 16:30:52.484000,13523.02,0,3,0,1656068452484
2022-06-24 16:30:53.485000,13764.25,0,3,0,1656068453485
2022-06-24 16:30:54.487000,13595.82,0,3,0,1656068454487
2022-06-24 16:30:55.489000,13551.6,0,3,0,1656068455489
2022-06-24 16:30:56.492000,13431.47,0,3,0,1656068456492
2022-06-24 16:30:57.494000,13388.31,0,3,0,1656068457494
2022-06-24 16:30:58.496000,13551.6,0,3,0,1656068458496
2022-06-24 16:30:59.496000,13429.31,0,3,0,1656068459496
2022-06-24 16:31:00.498000,13551.6,0,3,0,1656068460498
2022-06-24 16:31:01.500000,13551.6,0,3,0,1656068461500
2022-06-24 16:31:02.502000,13358.27,0,3,0,1656068462502
2022-06-24 16:31:03.504000,13388.31,0,3,0,1656068463504
2022-06-24 16:31:04.506000,13595.82,0,3,0,1656068464506
2022-06-24 16:31:05.506000,13431.47,0,3,0,1656068465506
2022-06-24 16:31:06.508000,13551.6,0,3,0,1656068466508
2022-06-24 16:31:07.510000,13551.6,0,3,0,1656068467510
2022-06-24 16:31:08.511000,13595.82,0,3,0,1656068468511
2022-06-24 16:31:09.513000,13595.82,0,3,0,1656068469513
2022-06-24 16:31:10.515000,13551.6,0,3,0,1656068470515
2022-06-24 16:31:11.517000,13429.31,0,3,0,1656068471517
2022-06-24 16:31:12.519000,13523.02,0,3,0,1656068472519
2022-06-24 16:31:13.521000,13551.6,0,3,0,1656068473521
2022-06-24 16:31:14.524000,13429.31,0,3,0,1656068474524
2022-06-24 16:31:15.526000,13388.31,0,3,0,1656068475526
2022-06-24 16:31:16.528000,13551.6,0,3,0,1656068476528
2022-06-24 16:31:17.529000,13595.82,0,3,0,1656068477529
2022-06-24 16:31:18.531000,13551.6,0,3,0,1656068478531
2022-06-24 16:31:19.533000,13429.31,0,3,0,1656068479533
2022-06-24 16:31:20.535000,13429.31,0,3,0,1656068480535
2022-06-24 16:31:21.537000,13551.6,0,3,0,1656068481537
2022-06-24 16:31:22.539000,13523.02,0,3,0,1656068482539
2022-06-24 16:31:23.541000,13429.31,0,3,0,1656068483541
2022-06-24 16:31:24.543000,13595.82,0,3,0,1656068484543
2022-06-24 16:31:25.545000,13388.31,0,3,0,1656068485545
2022-06-24 16:31:26.546000,13429.31,0,3,0,1656068486546
2022-06-24 16:31:27.548000,13551.6,0,3,0,1656068487548
2022-06-24 16:31:28.550000,13388.31,0,3,0,1656068488550
2022-06-24 16:31:29.550000,13595.82,0,3,0,1656068489550
2022-06-24 16:31:30.552000,13551.6,0,3,0,1656068490552
2022-06-24 16:31:31.554000,13388.31,0,3,0,1656068491554
2022-06-24 16:31:32.555000,13523.02,0,3,0,1656068492555
2022-06-24 16:31:33.557000,13553.81,0,3,0,1656068493557
2022-06-24 16:31:34.559000,13429.31,0,3,0,1656068494559
2022-06-24 16:31:35.561000,13593.61,0,3,0,1656068495561
2022-06-24 16:31:36.563000,13388.31,0,3,0,1656068496563
2022-06-24 16:31:37.565000,13551.6,0,3,0,1656068497565
2022-06-24 16:31:38.566000,13429.31,0,3,0,1656068498566
2022-06-24 16:31:39.568000,13595.82,0,3,0,1656068499568
2022-06-24 16:31:40.570000,13388.31,0,3,0,1656068500570
2022-06-24 16:31:41.573000,13595.82,0,3,0,1656068501573
2022-06-24 16:31:42.576000,13523.02,0,3,0,1656068502576
2022-06-24 16:31:43.578000,13551.6,0,3,0,1656068503578
2022-06-24 16:31:44.579000,13429.31,0,3,0,1656068504579
2022-06-24 16:31:45.581000,13388.31,0,3,0,1656068505581
2022-06-24 16:31:46.583000,13388.31,0,3,0,1656068506583
2022-06-24 16:31:48.547000,13522.28,0,3,0,1656068508547
2022-06-24 16:31:49.549000,13429.31,0,3,0,1656068509549
2022-06-24 16:31:50.551000,13551.6,0,3,0,1656068510551
2022-06-24 16:31:51.552000,13429.31,0,3,0,1656068511552
2022-06-24 16:31:52.554000,13689.63,0,3,0,1656068512554
2022-06-24 16:31:53.556000,13551.6,0,3,0,1656068513556
2022-06-24 16:31:54.558000,13595.82,0,3,0,1656068514558
2022-06-24 16:31:55.560000,13551.6,0,3,0,1656068515560
2022-06-24 16:31:56.562000,13553.81,0,3,0,1656068516562
2022-06-24 16:31:57.563000,13764.25,0,3,0,1656068517563
2022-06-24 16:31:58.595000,13553.81,0,3,0,1656068518595
2022-06-24 16:31:59.597000,13429.31,0,3,0,1656068519597
2022-06-24 16:32:00.599000,13429.31,0,3,0,1656068520599
2022-06-24 16:32:01.601000,13551.6,0,3,0,1656068521601
2022-06-24 16:32:02.603000,13689.63,0,3,0,1656068522603
2022-06-24 16:32:03.605000,13595.82,0,3,0,1656068523605
2022-06-24 16:32:04.607000,13429.31,0,3,0,1656068524607
2022-06-24 16:32:05.609000,13551.6,0,3,0,1656068525609
2022-06-24 16:32:06.609000,13593.61,0,3,0,1656068526609
2022-06-24 16:32:07.611000,13551.6,0,3,0,1656068527611
2022-06-24 16:32:08.643000,13551.6,0,3,0,1656068528643
2022-06-24 16:32:09.646000,13764.25,0,3,0,1656068529646
2022-06-24 16:32:10.648000,13721.19,0,3,0,1656068530648
2022-06-24 16:32:11.650000,13721.19,0,3,0,1656068531650
2022-06-24 16:32:12.652000,13691.88,0,3,0,1656068532652
2022-06-24 16:32:13.654000,13551.6,0,3,0,1656068533654
2022-06-24 16:32:14.656000,13595.82,0,3,0,1656068534656
2022-06-24 16:32:15.656000,13764.25,0,3,0,1656068535656
2022-06-24 16:32:16.658000,13551.6,0,3,0,1656068536658
2022-06-24 16:32:17.660000,13721.19,0,3,0,1656068537660
2022-06-24 16:32:18.691000,13764.25,0,3,0,1656068538691
2022-06-24 16:32:19.693000,13764.25,0,3,0,1656068539693
2022-06-24 16:32:20.695000,13721.19,0,3,0,1656068540695
2022-06-24 16:32:21.698000,13595.82,0,3,0,1656068541698
2022-06-24 16:32:22.699000,13689.63,0,3,0,1656068542699
2022-06-24 16:32:23.701000,13721.19,0,3,0,1656068543701
2022-06-24 16:32:24.703000,13764.25,0,3,0,1656068544703
2022-06-24 16:32:25.705000,13721.19,0,3,0,1656068545705
2022-06-24 16:32:26.707000,13584.74,0,3,0,1656068546707
2022-06-24 16:32:27.707000,13595.82,0,3,0,1656068547707
2022-06-24 16:32:28.739000,13718.93,0,3,0,1656068548739
2022-06-24 16:32:29.741000,13595.82,0,3,0,1656068549741
2022-06-24 16:32:30.741000,13764.25,0,3,0,1656068550741
2022-06-24 16:32:31.743000,13721.19,0,3,0,1656068551743
2022-06-24 16:32:32.745000,13691.88,0,3,0,1656068552745
2022-06-24 16:32:33.747000,13764.25,0,3,0,1656068553747
2022-06-24 16:32:34.749000,13595.82,0,3,0,1656068554749
2022-06-24 16:32:35.751000,13721.19,0,3,0,1656068555751
2022-06-24 16:32:36.754000,13764.25,0,3,0,1656068556754
2022-06-24 16:32:37.756000,13721.19,0,3,0,1656068557756
2022-06-24 16:32:38.788000,13721.19,0,3,0,1656068558788
2022-06-24 16:32:39.788000,13764.25,0,3,0,1656068559788
2022-06-24 16:32:40.790000,13721.19,0,3,0,1656068560790
2022-06-24 16:32:41.792000,13721.19,0,3,0,1656068561792
2022-06-24 16:32:42.794000,13689.63,0,3,0,1656068562794
2022-06-24 16:32:43.796000,13892.75,0,3,0,1656068563796
2022-06-24 16:32:44.798000,13750.62,0,3,0,1656068564798
2022-06-24 16:32:45.798000,13766.52,0,3,0,1656068565798
2022-06-24 16:32:46.800000,13721.19,0,3,0,1656068566800
2022-06-24 16:32:47.802000,13721.19,0,3,0,1656068567802
2022-06-24 16:32:48.838000,13764.25,0,3,0,1656068568838
2022-06-24 16:32:49.840000,13764.25,0,3,0,1656068569840
2022-06-24 16:32:50.842000,13721.19,0,3,0,1656068570842
2022-06-24 16:32:51.843000,13764.25,0,3,0,1656068571843
2022-06-24 16:32:52.845000,13691.88,0,3,0,1656068572845
2022-06-24 16:32:53.847000,13721.19,0,3,0,1656068573847
2022-06-24 16:32:54.849000,13764.25,0,3,0,1656068574849
2022-06-24 16:32:55.851000,13892.75,0,3,0,1656068575851
2022-06-24 16:32:56.853000,13721.19,0,3,0,1656068576853
2022-06-24 16:32:57.853000,13764.25,0,3,0,1656068577853
2022-06-24 16:32:58.888000,13721.19,0,3,0,1656068578888
2022-06-24 16:32:59.890000,13764.25,0,3,0,1656068579890
2022-06-24 16:33:00.891000,13766.52,0,3,0,1656068580891
2022-06-24 16:33:01.893000,13892.75,0,3,0,1656068581893
2022-06-24 16:33:02.894000,13691.88,0,3,0,1656068582894
2022-06-24 16:33:03.895000,13764.25,0,3,0,1656068583895
2022-06-24 16:33:04.897000,13764.25,0,3,0,1656068584897
2022-06-24 16:33:05.899000,13721.19,0,3,0,1656068585899
2022-06-24 16:33:06.901000,13936.89,0,3,0,1656068586901
2022-06-24 16:33:07.903000,13721.19,0,3,0,1656068587903
2022-06-24 16:33:08.938000,13721.19,0,3,0,1656068588938
2022-06-24 16:33:09.941000,13764.25,0,3,0,1656068589941
2022-06-24 16:33:10.943000,13721.19,0,3,0,1656068590943
2022-06-24 16:33:11.943000,13689.63,0,3,0,1656068591943
2022-06-24 16:33:12.944000,13764.25,0,3,0,1656068592944
2022-06-24 16:33:13.946000,13721.19,0,3,0,1656068593946
2022-06-24 16:33:14.948000,13764.25,0,3,0,1656068594948
2022-06-24 16:33:15.950000,13766.52,0,3,0,1656068595950
2022-06-24 16:33:16.952000,13721.19,0,3,0,1656068596952
2022-06-24 16:33:17.954000,13721.19,0,3,0,1656068597954
2022-06-24 16:33:18.987000,13764.25,0,3,0,1656068598987
2022-06-24 16:33:19.989000,13764.25,0,3,0,1656068599989
2022-06-24 16:33:20.991000,13718.93,0,3,0,1656068600991
2022-06-24 16:33:21.993000,13689.63,0,3,0,1656068601993
2022-06-24 16:33:22.995000,13721.19,0,3,0,1656068602995
2022-06-24 16:33:23.997000,13764.25,0,3,0,1656068603997
2022-06-24 16:33:24.998000,13764.25,0,3,0,1656068604998
2022-06-24 16:33:26.000000,13718.93,0,3,0,1656068606000
2022-06-24 16:33:27.002000,13721.19,0,3,0,1656068607002
2022-06-24 16:33:28.004000,13766.52,0,3,0,1656068608004
2022-06-24 16:33:29.036000,13721.19,0,3,0,1656068609036
2022-06-24 16:33:30.038000,13721.19,0,3,0,1656068610038
2022-06-24 16:33:31.040000,13766.52,0,3,0,1656068611040
2022-06-24 16:33:32.041000,13691.88,0,3,0,1656068612041
2022-06-24 16:33:33.043000,13721.19,0,3,0,1656068613043
2022-06-24 16:33:34.046000,13595.82,0,3,0,1656068614046
2022-06-24 16:33:35.048000,13718.93,0,3,0,1656068615048
2022-06-24 16:33:36.050000,13721.19,0,3,0,1656068616050
2022-06-24 16:33:37.051000,13766.52,0,3,0,1656068617051
2022-06-24 16:33:38.053000,13718.93,0,3,0,1656068618053
2022-06-24 16:33:39.085000,13595.82,0,3,0,1656068619085
2022-06-24 16:33:40.086000,13764.25,0,3,0,1656068620086
2022-06-24 16:33:41.088000,13721.19,0,3,0,1656068621088
2022-06-24 16:33:42.091000,13689.63,0,3,0,1656068622091
2022-06-24 16:33:43.092000,13764.25,0,3,0,1656068623092
2022-06-24 16:33:44.094000,13595.82,0,3,0,1656068624094
2022-06-24 16:33:45.096000,13721.19,0,3,0,1656068625096
2022-06-24 16:33:46.097000,13764.25,0,3,0,1656068626097
2022-06-24 16:33:47.099000,13721.19,0,3,0,1656068627099
2022-06-24 16:33:48.101000,13721.19,0,3,0,1656068628101
2022-06-24 16:33:49.133000,13595.82,0,3,0,1656068629133
2022-06-24 16:33:50.135000,13721.19,0,3,0,1656068630135
2022-06-24 16:33:51.137000,13721.19,0,3,0,1656068631137
2022-06-24 16:33:52.139000,13691.88,0,3,0,1656068632139
2022-06-24 16:33:53.141000,13718.93,0,3,0,1656068633141
2022-06-24 16:33:54.143000,13766.52,0,3,0,1656068634143
2022-06-24 16:33:55.146000,13764.25,0,3,0,1656068635146
2022-06-24 16:33:56.148000,13551.6,0,3,0,1656068636148
2022-06-24 16:33:57.150000,13721.19,0,3,0,1656068637150
2022-06-24 16:33:58.153000,13595.82,0,3,0,1656068638153
2022-06-24 16:33:59.182000,13595.82,0,3,0,1656068639182
2022-06-24 16:34:00.184000,13551.6,0,3,0,1656068640184
2022-06-24 16:34:01.185000,13595.82,0,3,0,1656068641185
2022-06-24 16:34:02.187000,13689.63,0,3,0,1656068642187
2022-06-24 16:34:03.189000,13721.19,0,3,0,1656068643189
2022-06-24 16:34:04.192000,13766.52,0,3,0,1656068644192
2022-06-24 16:34:05.194000,13721.19,0,3,0,1656068645194
2022-06-24 16:34:06.196000,13721.19,0,3,0,1656068646196
2022-06-24 16:34:07.196000,13595.82,0,3,0,1656068647196
2022-06-24 16:34:08.198000,13721.19,0,3,0,1656068648198
2022-06-24 16:34:09.230000,13595.82,0,3,0,1656068649230
2022-06-24 16:34:10.231000,13764.25,0,3,0,1656068650231
2022-06-24 16:34:11.233000,13718.93,0,3,0,1656068651233
2022-06-24 16:34:12.233000,13689.63,0,3,0,1656068652233
2022-06-24 16:34:13.234000,13764.25,0,3,0,1656068653234
2022-06-24 16:34:14.236000,13764.25,0,3,0,1656068654236
2022-06-24 16:34:15.238000,13721.19,0,3,0,1656068655238
2022-06-24 16:34:16.240000,13595.82,0,3,0,1656068656240
2022-06-24 16:34:17.242000,13551.6,0,3,0,1656068657242
2022-06-24 16:34:18.244000,13721.19,0,3,0,1656068658244
2022-06-24 16:34:19.279000,13608.4,0,3,0,1656068659279
2022-06-24 16:34:20.281000,13721.19,0,3,0,1656068660281
2022-06-24 16:34:21.283000,13721.19,0,3,0,1656068661283
2022-06-24 16:34:22.285000,13732.49,0,3,0,1656068662285
2022-06-24 16:34:23.287000,13721.19,0,3,0,1656068663287
2022-06-24 16:34:24.289000,13595.82,0,3,0,1656068664289
2022-06-24 16:34:25.292000,13764.25,0,3,0,1656068665292
2022-06-24 16:34:26.294000,13718.93,0,3,0,1656068666294
2022-06-24 16:34:27.296000,13721.19,0,3,0,1656068667296
2022-06-24 16:34:28.296000,13764.25,0,3,0,1656068668296
2022-06-24 16:34:29.328000,13764.25,0,3,0,1656068669328
2022-06-24 16:34:30.330000,13721.19,0,3,0,1656068670330
2022-06-24 16:34:31.331000,13764.25,0,3,0,1656068671331
2022-06-24 16:34:32.332000,13689.63,0,3,0,1656068672332
2022-06-24 16:34:33.334000,13551.6,0,3,0,1656068673334
2022-06-24 16:34:34.336000,13764.25,0,3,0,1656068674336
2022-06-24 16:34:35.338000,13551.6,0,3,0,1656068675338
2022-06-24 16:34:36.340000,13551.6,0,3,0,1656068676340
2022-06-24 16:34:37.342000,13595.82,0,3,0,1656068677342
2022-06-24 16:34:38.344000,13721.19,0,3,0,1656068678344
2022-06-24 16:34:39.376000,13595.82,0,3,0,1656068679376
2022-06-24 16:34:40.377000,13595.82,0,3,0,1656068680377
2022-06-24 16:34:41.379000,13551.6,0,3,0,1656068681379
2022-06-24 16:34:42.382000,13691.88,0,3,0,1656068682382
2022-06-24 16:34:43.383000,13595.82,0,3,0,1656068683383
2022-06-24 16:34:44.385000,13595.82,0,3,0,1656068684385
2022-06-24 16:34:45.387000,13721.19,0,3,0,1656068685387
2022-06-24 16:34:46.388000,13764.25,0,3,0,1656068686388
2022-06-24 16:34:47.390000,13721.19,0,3,0,1656068687390
2022-06-24 16:34:48.392000,13551.6,0,3,0,1656068688392
2022-06-24 16:34:49.426000,13764.25,0,3,0,1656068689426
2022-06-24 16:34:50.428000,13551.6,0,3,0,1656068690428
2022-06-24 16:34:51.430000,13551.6,0,3,0,1656068691430
2022-06-24 16:34:52.432000,13691.88,0,3,0,1656068692432
2022-06-24 16:34:53.434000,13721.19,0,3,0,1656068693434
2022-06-24 16:34:54.436000,13595.82,0,3,0,1656068694436
2022-06-24 16:34:55.436000,13595.82,0,3,0,1656068695436
2022-06-24 16:34:56.438000,13551.6,0,3,0,1656068696438
2022-06-24 16:34:57.440000,13721.19,0,3,0,1656068697440
2022-06-24 16:34:58.441000,13595.82,0,3,0,1656068698441
2022-06-24 16:34:59.476000,13595.82,0,3,0,1656068699476
2022-06-24 16:35:00.478000,13721.19,0,3,0,1656068700478
2022-06-24 16:35:01.478000,13593.61,0,3,0,1656068701478
2022-06-24 16:35:02.478000,13689.63,0,3,0,1656068702478
2022-06-24 16:35:03.480000,13551.6,0,3,0,1656068703480
2022-06-24 16:35:04.480000,13595.82,0,3,0,1656068704480
2022-06-24 16:35:05.482000,13553.81,0,3,0,1656068705482
2022-06-24 16:35:06.484000,13551.6,0,3,0,1656068706484
2022-06-24 16:35:07.486000,13595.82,0,3,0,1656068707486
2022-06-24 16:35:08.488000,13553.81,0,3,0,1656068708488
2022-06-24 16:35:09.526000,13595.82,0,3,0,1656068709526
2022-06-24 16:35:10.528000,13429.31,0,3,0,1656068710528
2022-06-24 16:35:11.530000,13553.81,0,3,0,1656068711530
2022-06-24 16:35:12.531000,13523.02,0,3,0,1656068712531
2022-06-24 16:35:13.534000,13595.82,0,3,0,1656068713534
2022-06-24 16:35:14.536000,13429.31,0,3,0,1656068714536
2022-06-24 16:35:15.538000,13551.6,0,3,0,1656068715538
2022-06-24 16:35:16.538000,13429.31,0,3,0,1656068716538
2022-06-24 16:35:17.540000,13551.6,0,3,0,1656068717540
2022-06-24 16:35:18.542000,13551.6,0,3,0,1656068718542
2022-06-24 16:35:19.576000,13429.31,0,3,0,1656068719576
2022-06-24 16:35:20.578000,13551.6,0,3,0,1656068720578
2022-06-24 16:35:21.580000,13551.6,0,3,0,1656068721580
2022-06-24 16:35:22.581000,13523.02,0,3,0,1656068722581
2022-06-24 16:35:23.583000,13388.31,0,3,0,1656068723583
2022-06-24 16:35:24.585000,13595.82,0,3,0,1656068724585
2022-06-24 16:35:25.588000,13595.82,0,3,0,1656068725588
2022-06-24 16:35:26.590000,13551.6,0,3,0,1656068726590
2022-06-24 16:35:27.592000,13551.6,0,3,0,1656068727592
2022-06-24 16:35:28.592000,13429.31,0,3,0,1656068728592
2022-06-24 16:35:29.624000,13429.31,0,3,0,1656068729624
2022-06-24 16:35:30.626000,13388.31,0,3,0,1656068730626
2022-06-24 16:35:31.627000,13595.82,0,3,0,1656068731627
2022-06-24 16:35:32.628000,13523.02,0,3,0,1656068732628
2022-06-24 16:35:33.630000,13388.31,0,3,0,1656068733630
2022-06-24 16:35:34.632000,13595.82,0,3,0,1656068734632
2022-06-24 16:35:35.634000,13551.6,0,3,0,1656068735634
2022-06-24 16:35:36.636000,13551.6,0,3,0,1656068736636
2022-06-24 16:35:37.638000,13429.31,0,3,0,1656068737638
2022-06-24 16:35:38.640000,13388.31,0,3,0,1656068738640
2022-06-24 16:35:39.672000,13595.82,0,3,0,1656068739672
2022-06-24 16:35:40.673000,13429.31,0,3,0,1656068740673
2022-06-24 16:35:41.675000,13388.31,0,3,0,1656068741675
2022-06-24 16:35:42.677000,13360.41,0,3,0,1656068742677
2022-06-24 16:35:43.680000,13431.47,0,3,0,1656068743680
2022-06-24 16:35:44.682000,13429.31,0,3,0,1656068744682
2022-06-24 16:35:45.684000,13388.31,0,3,0,1656068745684
2022-06-24 16:35:46.687000,13431.47,0,3,0,1656068746687
2022-06-24 16:35:47.689000,13386.16,0,3,0,1656068747689
2022-06-24 16:35:48.691000,13388.31,0,3,0,1656068748691
2022-06-24 16:35:49.720000,13429.31,0,3,0,1656068749720
2022-06-24 16:35:50.722000,13388.31,0,3,0,1656068750722
2022-06-24 16:35:51.724000,13388.31,0,3,0,1656068751724
2022-06-24 16:35:52.726000,13523.02,0,3,0,1656068752726
2022-06-24 16:35:53.728000,13388.31,0,3,0,1656068753728
2022-06-24 16:35:54.730000,13429.31,0,3,0,1656068754730
2022-06-24 16:35:55.731000,13431.47,0,3,0,1656068755731
2022-06-24 16:35:56.733000,13226.81,0,3,0,1656068756733
2022-06-24 16:35:57.735000,13388.31,0,3,0,1656068757735
2022-06-24 16:35:58.735000,13268.93,0,3,0,1656068758735
2022-06-24 16:35:59.770000,13268.93,0,3,0,1656068759770
2022-06-24 16:36:00.772000,13388.31,0,3,0,1656068760772
2022-06-24 16:36:01.772000,13268.93,0,3,0,1656068761772
2022-06-24 16:36:02.774000,13358.27,0,3,0,1656068762774
2022-06-24 16:36:03.776000,13226.81,0,3,0,1656068763776
2022-06-24 16:36:04.779000,13429.31,0,3,0,1656068764779
2022-06-24 16:36:05.781000,13388.31,0,3,0,1656068765781
2022-06-24 16:36:06.783000,13388.31,0,3,0,1656068766783
2022-06-24 16:36:07.786000,13268.93,0,3,0,1656068767786
2022-06-24 16:36:08.788000,13228.91,0,3,0,1656068768788
2022-06-24 16:36:09.820000,13268.93,0,3,0,1656068769820
2022-06-24 16:36:10.821000,13268.93,0,3,0,1656068770821
2022-06-24 16:36:11.823000,13228.91,0,3,0,1656068771823
2022-06-24 16:36:12.825000,13199.58,0,3,0,1656068772825
2022-06-24 16:36:13.825000,13268.93,0,3,0,1656068773825
2022-06-24 16:36:14.827000,13268.93,0,3,0,1656068774827
2022-06-24 16:36:15.829000,13388.31,0,3,0,1656068775829
2022-06-24 16:36:16.832000,13268.93,0,3,0,1656068776832
2022-06-24 16:36:17.834000,13226.81,0,3,0,1656068777834
2022-06-24 16:36:18.836000,13226.81,0,3,0,1656068778836
2022-06-24 16:36:19.869000,13268.93,0,3,0,1656068779869
2022-06-24 16:36:20.871000,13226.81,0,3,0,1656068780871
2022-06-24 16:36:21.873000,13226.81,0,3,0,1656068781873
2022-06-24 16:36:22.875000,13199.58,0,3,0,1656068782875
2022-06-24 16:36:23.877000,13226.81,0,3,0,1656068783877
2022-06-24 16:36:24.879000,13268.93,0,3,0,1656068784879
2022-06-24 16:36:25.881000,13268.93,0,3,0,1656068785881
2022-06-24 16:36:26.883000,13226.81,0,3,0,1656068786883
2022-06-24 16:36:27.885000,13071.21,0,3,0,1656068787885
2022-06-24 16:36:28.886000,13268.93,0,3,0,1656068788886
2022-06-24 16:36:29.918000,13110.28,0,3,0,1656068789918
2022-06-24 16:36:30.920000,13226.81,0,3,0,1656068790920
2022-06-24 16:36:31.920000,13110.28,0,3,0,1656068791920
2022-06-24 16:36:32.922000,13199.58,0,3,0,1656068792922
2022-06-24 16:36:33.924000,13071.21,0,3,0,1656068793924
2022-06-24 16:36:34.924000,13110.28,0,3,0,1656068794924
2022-06-24 16:36:35.926000,13071.21,0,3,0,1656068795926
2022-06-24 16:36:36.928000,13226.81,0,3,0,1656068796928
2022-06-24 16:36:37.930000,13110.28,0,3,0,1656068797930
2022-06-24 16:36:38.932000,13071.21,0,3,0,1656068798932
2022-06-24 16:36:39.967000,13112.35,0,3,0,1656068799967
2022-06-24 16:36:40.967000,13110.28,0,3,0,1656068800967
2022-06-24 16:36:41.969000,13071.21,0,3,0,1656068801969
2022-06-24 16:36:42.969000,13044.61,0,3,0,1656068802969
2022-06-24 16:36:43.971000,13120.6,0,3,0,1656068803971
2022-06-24 16:36:44.973000,13112.35,0,3,0,1656068804973
2022-06-24 16:36:45.975000,13071.21,0,3,0,1656068805975
2022-06-24 16:36:46.976000,13110.28,0,3,0,1656068806976
2022-06-24 16:36:47.978000,13071.21,0,3,0,1656068807978
2022-06-24 16:36:48.980000,13071.21,0,3,0,1656068808980
2022-06-24 16:36:50.697000,13041.89,0,3,0,1656068810697
2022-06-24 16:36:51.699000,13071.21,0,3,0,1656068811699
2022-06-24 16:36:52.702000,13042.57,0,3,0,1656068812702
2022-06-24 16:36:53.704000,12957.4,0,3,0,1656068813704
2022-06-24 16:36:54.706000,13110.28,0,3,0,1656068814706
2022-06-24 16:36:55.708000,12917.23,0,3,0,1656068815708
2022-06-24 16:36:56.709000,12957.4,0,3,0,1656068816709
2022-06-24 16:36:57.711000,13071.21,0,3,0,1656068817711
2022-06-24 16:36:58.713000,13071.21,0,3,0,1656068818713
2022-06-24 16:36:59.715000,12955.38,0,3,0,1656068819715
2022-06-24 16:37:00.747000,12917.23,0,3,0,1656068820747
2022-06-24 16:37:01.749000,12919.23,0,3,0,1656068821749
2022-06-24 16:37:02.752000,13044.61,0,3,0,1656068822752
2022-06-24 16:37:03.754000,12917.23,0,3,0,1656068823754
2022-06-24 16:37:04.756000,12957.4,0,3,0,1656068824756
2022-06-24 16:37:05.758000,12957.4,0,3,0,1656068825758
2022-06-24 16:37:06.760000,13071.21,0,3,0,1656068826760
2022-06-24 16:37:07.762000,12917.23,0,3,0,1656068827762
2022-06-24 16:37:08.762000,12806.06,0,3,0,1656068828762
2022-06-24 16:37:09.764000,12957.4,0,3,0,1656068829764
2022-06-24 16:37:10.796000,12919.23,0,3,0,1656068830796
2022-06-24 16:37:11.798000,12957.4,0,3,0,1656068831798
2022-06-24 16:37:12.801000,12891.25,0,3,0,1656068832801
2022-06-24 16:37:13.803000,12917.23,0,3,0,1656068833803
2022-06-24 16:37:14.805000,12808.03,0,3,0,1656068834805
2022-06-24 16:37:15.807000,12917.23,0,3,0,1656068835807
2022-06-24 16:37:16.809000,12917.23,0,3,0,1656068836809
2022-06-24 16:37:17.810000,12806.06,0,3,0,1656068837810
2022-06-24 16:37:18.812000,12768.78,0,3,0,1656068838812
2022-06-24 16:37:19.814000,12806.06,0,3,0,1656068839814
2022-06-24 16:37:20.846000,12806.06,0,3,0,1656068840846
2022-06-24 16:37:21.848000,12768.78,0,3,0,1656068841848
2022-06-24 16:37:22.849000,12891.25,0,3,0,1656068842849
2022-06-24 16:37:23.850000,12806.06,0,3,0,1656068843850
2022-06-24 16:37:24.852000,12806.06,0,3,0,1656068844852
2022-06-24 16:37:25.854000,12768.78,0,3,0,1656068845854
2022-06-24 16:37:26.854000,12660.15,0,3,0,1656068846854
2022-06-24 16:37:27.856000,12768.78,0,3,0,1656068847856
2022-06-24 16:37:28.858000,12768.78,0,3,0,1656068848858
2022-06-24 16:37:29.858000,12808.03,0,3,0,1656068849858
2022-06-24 16:37:30.896000,12766.83,0,3,0,1656068850896
2022-06-24 16:37:31.898000,12768.78,0,3,0,1656068851898
2022-06-24 16:37:32.899000,12741.45,0,3,0,1656068852899
2022-06-24 16:37:33.901000,12768.78,0,3,0,1656068853901
2022-06-24 16:37:34.903000,12804.1,0,3,0,1656068854903
2022-06-24 16:37:35.904000,12660.15,0,3,0,1656068855904
2022-06-24 16:37:36.906000,12768.78,0,3,0,1656068856906
2022-06-24 16:37:37.908000,12621.8,0,3,0,1656068857908
2022-06-24 16:37:38.909000,12660.15,0,3,0,1656068858909
2022-06-24 16:37:39.911000,12806.06,0,3,0,1656068859911
2022-06-24 16:37:40.946000,12768.78,0,3,0,1656068860946
2022-06-24 16:37:41.947000,12660.15,0,3,0,1656068861947
2022-06-24 16:37:42.948000,12597,0,3,0,1656068862948
2022-06-24 16:37:43.950000,12621.8,0,3,0,1656068863950
2022-06-24 16:37:44.951000,12660.15,0,3,0,1656068864951
2022-06-24 16:37:45.953000,12768.78,0,3,0,1656068865953
2022-06-24 16:37:46.955000,12621.8,0,3,0,1656068866955
2022-06-24 16:37:47.957000,12660.15,0,3,0,1656068867957
2022-06-24 16:37:48.959000,12621.8,0,3,0,1656068868959
2022-06-24 16:37:49.961000,12515.64,0,3,0,1656068869961
2022-06-24 16:37:50.995000,12660.15,0,3,0,1656068870995
2022-06-24 16:37:51.997000,12621.8,0,3,0,1656068871997
2022-06-24 16:37:53.000000,12453.92,0,3,0,1656068873000
2022-06-24 16:37:54.001000,12515.64,0,3,0,1656068874001
2022-06-24 16:37:55.003000,12480.03,0,3,0,1656068875003
2022-06-24 16:37:56.005000,12623.71,0,3,0,1656068876005
2022-06-24 16:37:57.006000,12515.64,0,3,0,1656068877006
2022-06-24 16:37:58.008000,12480.03,0,3,0,1656068878008
2022-06-24 16:37:59.010000,12517.52,0,3,0,1656068879010
2022-06-24 16:38:00.012000,12515.64,0,3,0,1656068880012
2022-06-24 16:38:01.044000,12480.03,0,3,0,1656068881044
2022-06-24 16:38:02.046000,12480.03,0,3,0,1656068882046
2022-06-24 16:38:03.047000,12453.92,0,3,0,1656068883047
2022-06-24 16:38:04.049000,12517.52,0,3,0,1656068884049
2022-06-24 16:38:05.051000,12480.03,0,3,0,1656068885051
2022-06-24 16:38:06.053000,12515.64,0,3,0,1656068886053
2022-06-24 16:38:07.055000,12480.03,0,3,0,1656068887055
2022-06-24 16:38:08.057000,12480.03,0,3,0,1656068888057
2022-06-24 16:38:09.060000,12515.64,0,3,0,1656068889060
2022-06-24 16:38:10.062000,12339.59,0,3,0,1656068890062
2022-06-24 16:38:11.094000,12480.03,0,3,0,1656068891094
2022-06-24 16:38:12.094000,12515.64,0,3,0,1656068892094
2022-06-24 16:38:13.097000,12315.88,0,3,0,1656068893097
2022-06-24 16:38:14.099000,12376.24,0,3,0,1656068894099
2022-06-24 16:38:15.099000,12376.24,0,3,0,1656068895099
2022-06-24 16:38:16.101000,12480.03,0,3,0,1656068896101
2022-06-24 16:38:17.103000,12341.41,0,3,0,1656068897103
2022-06-24 16:38:18.106000,12374.4,0,3,0,1656068898106
2022-06-24 16:38:19.108000,12279.58,0,3,0,1656068899108
2022-06-24 16:38:20.110000,12339.59,0,3,0,1656068900110
2022-06-24 16:38:21.142000,12376.24,0,3,0,1656068901142
2022-06-24 16:38:22.144000,12339.59,0,3,0,1656068902144
2022-06-24 16:38:23.144000,12453.92,0,3,0,1656068903144
2022-06-24 16:38:24.144000,12376.24,0,3,0,1656068904144
2022-06-24 16:38:25.146000,12341.41,0,3,0,1656068905146
2022-06-24 16:38:26.148000,12341.41,0,3,0,1656068906148
2022-06-24 16:38:27.149000,12376.24,0,3,0,1656068907149
2022-06-24 16:38:28.151000,12339.59,0,3,0,1656068908151
2022-06-24 16:38:29.153000,12239.9,0,3,0,1656068909153
2022-06-24 16:38:30.153000,12238.1,0,3,0,1656068910153
2022-06-24 16:38:31.191000,12204.05,0,3,0,1656068911191
2022-06-24 16:38:32.193000,12180.86,0,3,0,1656068912193
2022-06-24 16:38:33.196000,12239.9,0,3,0,1656068913196
2022-06-24 16:38:34.198000,12238.1,0,3,0,1656068914198
2022-06-24 16:38:35.198000,12204.05,0,3,0,1656068915198
2022-06-24 16:38:36.199000,12239.9,0,3,0,1656068916199
2022-06-24 16:38:37.201000,12204.05,0,3,0,1656068917201
2022-06-24 16:38:38.203000,12202.26,0,3,0,1656068918203
2022-06-24 16:38:39.204000,12238.1,0,3,0,1656068919204
2022-06-24 16:38:40.206000,12069.71,0,3,0,1656068920206
2022-06-24 16:38:41.241000,12204.05,0,3,0,1656068921241
2022-06-24 16:38:42.243000,12180.86,0,3,0,1656068922243
2022-06-24 16:38:43.245000,12204.05,0,3,0,1656068923245
2022-06-24 16:38:44.247000,12104.78,0,3,0,1656068924247
2022-06-24 16:38:45.248000,12238.1,0,3,0,1656068925248
2022-06-24 16:38:46.250000,12204.05,0,3,0,1656068926250
2022-06-24 16:38:47.252000,12069.71,0,3,0,1656068927252
2022-06-24 16:38:48.255000,12104.78,0,3,0,1656068928255
2022-06-24 16:38:49.257000,12104.78,0,3,0,1656068929257
2022-06-24 16:38:50.259000,12069.71,0,3,0,1656068930259
2022-06-24 16:38:51.290000,12104.78,0,3,0,1656068931290
2022-06-24 16:38:52.291000,12047.03,0,3,0,1656068932291
2022-06-24 16:38:53.293000,12071.46,0,3,0,1656068933293
2022-06-24 16:38:54.295000,12104.78,0,3,0,1656068934295
2022-06-24 16:38:55.297000,12071.46,0,3,0,1656068935297
2022-06-24 16:38:56.299000,12204.05,0,3,0,1656068936299
2022-06-24 16:38:57.301000,11972.61,0,3,0,1656068937301
2022-06-24 16:38:58.303000,12069.71,0,3,0,1656068938303
2022-06-24 16:38:59.305000,12104.78,0,3,0,1656068939305